model,accuracy,precision,recall,f1,tn,fp,fn,tp
tfidf_mlp,0.8653366583541147,0.8954248366013072,0.7828571428571428,0.8353658536585366,210,16,38,137
tfidf_mlp_t045,0.8628428927680798,0.8846153846153846,0.7885714285714286,0.8338368580060423,208,18,37,138
