model,accuracy,precision,recall,f1,train_seconds,inference_seconds,val_samples
mlp,0.8653366583541147,0.8954248366013072,0.7828571428571428,0.8353658536585366,53.615692899998976,2.030097599985311,401
textcnn,0.8329177057356608,0.8461538461538461,0.7542857142857143,0.797583081570997,56.75345200000447,0.2818230999982916,401
distilbert,0.7955112219451371,0.7924528301886793,0.72,0.7544910179640718,778.1084962000023,7.676936300005764,401
bilstm,0.800498753117207,0.8740157480314961,0.6342857142857142,0.7350993377483444,55.11738129999139,0.6538842000009026,401
