model,accuracy,precision,recall,f1,train_seconds,inference_seconds,val_samples
mlp,0.8653366583541147,0.8954248366013072,0.7828571428571428,0.8353658536585366,49.687705500022275,2.0709251000080258,401
